{
  "selected_model": "hist_gradient_boosting",
  "feature_count": 45,
  "train_rows": 27519,
  "validation_rows": 5897,
  "test_rows": 5897,
  "validation_metrics": {
    "hist_gradient_boosting": {
      "mae": 16.810767822512073,
      "rmse": 23.470816750733714,
      "mape": 1.3341602466742577,
      "smape": 1.333265226136508,
      "r2": 0.9844683189856074
    },
    "random_forest": {
      "mae": 18.93577097478965,
      "rmse": 27.195257255296756,
      "mape": 1.4976367306027747,
      "smape": 1.4997554651198535,
      "r2": 0.9791479671718698
    }
  },
  "test_metrics": {
    "mae": 18.396174978704085,
    "rmse": 25.059424646278632,
    "mape": 1.5582215948535412,
    "smape": 1.5527201051435868,
    "r2": 0.9815530330121452
  },
  "features": [
    "T2M_toc",
    "QV2M_toc",
    "TQL_toc",
    "W2M_toc",
    "T2M_san",
    "QV2M_san",
    "TQL_san",
    "W2M_san",
    "T2M_dav",
    "QV2M_dav",
    "TQL_dav",
    "W2M_dav",
    "Holiday_ID",
    "holiday",
    "school",
    "load_forecast",
    "hour",
    "day_of_week",
    "month",
    "day_of_year",
    "week_of_year",
    "is_weekend",
    "is_month_start",
    "is_month_end",
    "hour_sin",
    "hour_cos",
    "dow_sin",
    "dow_cos",
    "month_sin",
    "month_cos",
    "load_lag_1",
    "load_lag_2",
    "load_lag_3",
    "load_lag_6",
    "load_lag_12",
    "load_lag_24",
    "load_lag_48",
    "load_lag_72",
    "load_lag_168",
    "rolling_mean_24",
    "rolling_std_24",
    "rolling_min_24",
    "rolling_max_24",
    "rolling_mean_168",
    "rolling_std_168"
  ]
}